method,seed,view,metric,value
scf_sample_reference,0,scf,energy_distance,0.010736801018131015
scf_sample_reference,0,scf,c2st_auc,0.49897944706762365
scf_sample_reference,0,scf,prdc_precision,0.99267578125
scf_sample_reference,0,scf,prdc_recall,0.9484227178068381
scf_sample_reference,0,scf,prdc_density,1.04609375
scf_sample_reference,0,scf,prdc_coverage,0.9924446949620589
scf_sample_reference,0,scf,w1_over_sd.debt,0.040563774793925804
scf_sample_reference,0,scf,q90_ratio.debt,0.941182267167328
scf_sample_reference,0,scf,q99_ratio.debt,1.2901425004467393
scf_sample_reference,0,scf,w1_over_sd.networth,0.015495086115106966
scf_sample_reference,0,scf,q90_ratio.networth,1.0766518843161241
scf_sample_reference,0,scf,q99_ratio.networth,1.3326996652064456
populace_fit,0,scf,energy_distance,0.1252226745811882
populace_fit,0,scf,c2st_auc,0.7190927363125971
populace_fit,0,scf,prdc_precision,0.95458984375
populace_fit,0,scf,prdc_recall,0.9506636731721163
populace_fit,0,scf,prdc_density,0.90087890625
populace_fit,0,scf,prdc_coverage,0.9775213823714796
populace_fit,0,scf,w1_over_sd.debt,0.07745828247101119
populace_fit,0,scf,q90_ratio.debt,1.0369912404717865
populace_fit,0,scf,q99_ratio.debt,1.1365952435449422
populace_fit,0,scf,w1_over_sd.networth,0.022221614444226767
populace_fit,0,scf,q90_ratio.networth,1.0862577347955296
populace_fit,0,scf,q99_ratio.networth,0.8209807506026034
populace_fit_unweighted,0,scf,energy_distance,0.12783143318826795
populace_fit_unweighted,0,scf,c2st_auc,0.7026034044889005
populace_fit_unweighted,0,scf,prdc_precision,0.94775390625
populace_fit_unweighted,0,scf,prdc_recall,0.9575714824761177
populace_fit_unweighted,0,scf,prdc_density,0.88974609375
populace_fit_unweighted,0,scf,prdc_coverage,0.9805270378969052
populace_fit_unweighted,0,scf,w1_over_sd.debt,0.11880520843164645
populace_fit_unweighted,0,scf,q90_ratio.debt,1.1576271976517614
populace_fit_unweighted,0,scf,q99_ratio.debt,1.592894413736777
populace_fit_unweighted,0,scf,w1_over_sd.networth,0.08821660225174
populace_fit_unweighted,0,scf,q90_ratio.networth,1.4717138348430077
populace_fit_unweighted,0,scf,q99_ratio.networth,2.129978517476402
populace_fit_unchained,0,scf,energy_distance,0.1255032906976341
populace_fit_unchained,0,scf,c2st_auc,0.7188241662963604
populace_fit_unchained,0,scf,prdc_precision,0.953125
populace_fit_unchained,0,scf,prdc_recall,0.956166404058241
populace_fit_unchained,0,scf,prdc_density,0.90224609375
populace_fit_unchained,0,scf,prdc_coverage,0.9776807096582651
populace_fit_unchained,0,scf,w1_over_sd.debt,0.07745828247101119
populace_fit_unchained,0,scf,q90_ratio.debt,1.0369912404717865
populace_fit_unchained,0,scf,q99_ratio.debt,1.1365952435449422
populace_fit_unchained,0,scf,w1_over_sd.networth,0.02427804816178342
populace_fit_unchained,0,scf,q90_ratio.networth,1.1265442971965371
populace_fit_unchained,0,scf,q99_ratio.networth,0.7586046119363068
plain_qrf,0,scf,energy_distance,0.127586044324409
plain_qrf,0,scf,c2st_auc,0.7761509486877181
plain_qrf,0,scf,prdc_precision,0.95166015625
plain_qrf,0,scf,prdc_recall,0.9326560700353244
plain_qrf,0,scf,prdc_density,0.88955078125
plain_qrf,0,scf,prdc_coverage,0.9798434078026168
plain_qrf,0,scf,w1_over_sd.debt,0.1203262412825925
plain_qrf,0,scf,q90_ratio.debt,1.1440718576944167
plain_qrf,0,scf,q99_ratio.debt,1.620165757785189
plain_qrf,0,scf,w1_over_sd.networth,0.02076030220273801
plain_qrf,0,scf,q90_ratio.networth,1.1265442971965371
plain_qrf,0,scf,q99_ratio.networth,1.0081091666014932
microimpute_qrf,0,scf,energy_distance,0.127586044324409
microimpute_qrf,0,scf,c2st_auc,0.7761509486877181
microimpute_qrf,0,scf,prdc_precision,0.95166015625
microimpute_qrf,0,scf,prdc_recall,0.9326560700353244
microimpute_qrf,0,scf,prdc_density,0.88955078125
microimpute_qrf,0,scf,prdc_coverage,0.9798434078026168
microimpute_qrf,0,scf,w1_over_sd.debt,0.1203262412825925
microimpute_qrf,0,scf,q90_ratio.debt,1.1440718576944167
microimpute_qrf,0,scf,q99_ratio.debt,1.620165757785189
microimpute_qrf,0,scf,w1_over_sd.networth,0.02076030220273801
microimpute_qrf,0,scf,q90_ratio.networth,1.1265442971965371
microimpute_qrf,0,scf,q99_ratio.networth,1.0081091666014932
microimpute_ols,0,scf,energy_distance,0.15765222383937605
microimpute_ols,0,scf,c2st_auc,0.9883907377393074
microimpute_ols,0,scf,prdc_precision,0.6796875
microimpute_ols,0,scf,prdc_recall,0.9156581829224723
microimpute_ols,0,scf,prdc_density,0.48046875
microimpute_ols,0,scf,prdc_coverage,0.7441319738691791
microimpute_ols,0,scf,w1_over_sd.debt,0.6894952292382618
microimpute_ols,0,scf,q90_ratio.debt,1.7166605781551527
microimpute_ols,0,scf,q99_ratio.debt,1.1983230250063188
microimpute_ols,0,scf,w1_over_sd.networth,0.27014444235780005
microimpute_ols,0,scf,q90_ratio.networth,2.9728271288395334
microimpute_ols,0,scf,q99_ratio.networth,0.7918943848021995
microimpute_quantreg,0,scf,energy_distance,0.12552983817016106
microimpute_quantreg,0,scf,c2st_auc,0.9232451015527554
microimpute_quantreg,0,scf,prdc_precision,0.94677734375
microimpute_quantreg,0,scf,prdc_recall,0.9231263389960287
microimpute_quantreg,0,scf,prdc_density,0.87080078125
microimpute_quantreg,0,scf,prdc_coverage,0.9577979765846836
microimpute_quantreg,0,scf,w1_over_sd.debt,0.06898285299539815
microimpute_quantreg,0,scf,q90_ratio.debt,1.0402211800563868
microimpute_quantreg,0,scf,q99_ratio.debt,1.2373149269326802
microimpute_quantreg,0,scf,w1_over_sd.networth,0.05268497492320685
microimpute_quantreg,0,scf,q90_ratio.networth,1.2278339670662906
microimpute_quantreg,0,scf,q99_ratio.networth,0.6729987667290299
statmatch_hotdeck,0,scf,energy_distance,0.12689897397977834
statmatch_hotdeck,0,scf,c2st_auc,0.7324631426452356
statmatch_hotdeck,0,scf,prdc_precision,0.95263671875
statmatch_hotdeck,0,scf,prdc_recall,0.9378331806471665
statmatch_hotdeck,0,scf,prdc_density,0.90166015625
statmatch_hotdeck,0,scf,prdc_coverage,0.9681330936350719
statmatch_hotdeck,0,scf,w1_over_sd.debt,0.04575457474441735
statmatch_hotdeck,0,scf,q90_ratio.debt,1.0254378054556605
statmatch_hotdeck,0,scf,q99_ratio.debt,1.1751470071770154
statmatch_hotdeck,0,scf,w1_over_sd.networth,0.013078963493179876
statmatch_hotdeck,0,scf,q90_ratio.networth,1.1265442971965371
statmatch_hotdeck,0,scf,q99_ratio.networth,0.7838085144673838
weighted_marginal,0,scf,energy_distance,0.1250498521916361
weighted_marginal,0,scf,c2st_auc,0.8324711430064022
weighted_marginal,0,scf,prdc_precision,0.9228515625
weighted_marginal,0,scf,prdc_recall,0.9527882852829643
weighted_marginal,0,scf,prdc_density,0.756640625
weighted_marginal,0,scf,prdc_coverage,0.9363108746346204
weighted_marginal,0,scf,w1_over_sd.debt,0.041417705282999165
weighted_marginal,0,scf,q90_ratio.debt,0.9470973452800177
weighted_marginal,0,scf,q99_ratio.debt,1.2767947440847318
weighted_marginal,0,scf,w1_over_sd.networth,0.020318418078288276
weighted_marginal,0,scf,q90_ratio.networth,1.1017350582038263
weighted_marginal,0,scf,q99_ratio.networth,1.4230384553678648
scf_sample_reference,1,scf,energy_distance,0.008532311914459356
scf_sample_reference,1,scf,c2st_auc,0.516517663338344
scf_sample_reference,1,scf,prdc_precision,0.98046875
scf_sample_reference,1,scf,prdc_recall,0.9509350499375466
scf_sample_reference,1,scf,prdc_density,1.046484375
scf_sample_reference,1,scf,prdc_coverage,0.9887768535165089
scf_sample_reference,1,scf,w1_over_sd.debt,0.028756577739868117
scf_sample_reference,1,scf,q90_ratio.debt,0.9652950992521951
scf_sample_reference,1,scf,q99_ratio.debt,0.9781095018685289
scf_sample_reference,1,scf,w1_over_sd.networth,0.012758720740042384
scf_sample_reference,1,scf,q90_ratio.networth,0.844624253742405
scf_sample_reference,1,scf,q99_ratio.networth,1.0706120059108333
populace_fit,1,scf,energy_distance,0.1575598923936843
populace_fit,1,scf,c2st_auc,0.7290029738105201
populace_fit,1,scf,prdc_precision,0.9375
populace_fit,1,scf,prdc_recall,0.955845089585671
populace_fit,1,scf,prdc_density,0.878515625
populace_fit,1,scf,prdc_coverage,0.9468841897040765
populace_fit,1,scf,w1_over_sd.debt,0.04331171338445772
populace_fit,1,scf,q90_ratio.debt,1.127145862438117
populace_fit,1,scf,q99_ratio.debt,1.038967739130133
populace_fit,1,scf,w1_over_sd.networth,0.032323866876187615
populace_fit,1,scf,q90_ratio.networth,0.9298294950276438
populace_fit,1,scf,q99_ratio.networth,0.6350387859640634
populace_fit_unweighted,1,scf,energy_distance,0.15848428632926392
populace_fit_unweighted,1,scf,c2st_auc,0.7230542794262274
populace_fit_unweighted,1,scf,prdc_precision,0.9287109375
populace_fit_unweighted,1,scf,prdc_recall,0.9643161496044572
populace_fit_unweighted,1,scf,prdc_density,0.8650390625
populace_fit_unweighted,1,scf,prdc_coverage,0.9629952363169497
populace_fit_unweighted,1,scf,w1_over_sd.debt,0.07634450845759298
populace_fit_unweighted,1,scf,q90_ratio.debt,1.2329819688034602
populace_fit_unweighted,1,scf,q99_ratio.debt,1.3713095216196773
populace_fit_unweighted,1,scf,w1_over_sd.networth,0.1624500681262496
populace_fit_unweighted,1,scf,q90_ratio.networth,1.1860520081136456
populace_fit_unweighted,1,scf,q99_ratio.networth,1.972478817780829
populace_fit_unchained,1,scf,energy_distance,0.15736638305061978
populace_fit_unchained,1,scf,c2st_auc,0.738999953623562
populace_fit_unchained,1,scf,prdc_precision,0.9345703125
populace_fit_unchained,1,scf,prdc_recall,0.9626301981789134
populace_fit_unchained,1,scf,prdc_density,0.87236328125
populace_fit_unchained,1,scf,prdc_coverage,0.949553780390615
populace_fit_unchained,1,scf,w1_over_sd.debt,0.04331171338445772
populace_fit_unchained,1,scf,q90_ratio.debt,1.127145862438117
populace_fit_unchained,1,scf,q99_ratio.debt,1.038967739130133
populace_fit_unchained,1,scf,w1_over_sd.networth,0.025504133214913752
populace_fit_unchained,1,scf,q90_ratio.networth,0.9376332522341322
populace_fit_unchained,1,scf,q99_ratio.networth,0.7954627314646203
plain_qrf,1,scf,energy_distance,0.15833281197281046
plain_qrf,1,scf,c2st_auc,0.7737075562624365
plain_qrf,1,scf,prdc_precision,0.943359375
plain_qrf,1,scf,prdc_recall,0.9567086332190466
plain_qrf,1,scf,prdc_density,0.8802734375
plain_qrf,1,scf,prdc_coverage,0.9548202937704131
plain_qrf,1,scf,w1_over_sd.debt,0.0463812785722048
plain_qrf,1,scf,q90_ratio.debt,1.1482437208888818
plain_qrf,1,scf,q99_ratio.debt,0.8968286022632541
plain_qrf,1,scf,w1_over_sd.networth,0.035238605287251736
plain_qrf,1,scf,q90_ratio.networth,0.8706628267529957
plain_qrf,1,scf,q99_ratio.networth,0.614313621629808
microimpute_qrf,1,scf,energy_distance,0.15833281197281046
microimpute_qrf,1,scf,c2st_auc,0.7737075562624365
microimpute_qrf,1,scf,prdc_precision,0.943359375
microimpute_qrf,1,scf,prdc_recall,0.9567086332190466
microimpute_qrf,1,scf,prdc_density,0.8802734375
microimpute_qrf,1,scf,prdc_coverage,0.9548202937704131
microimpute_qrf,1,scf,w1_over_sd.debt,0.0463812785722048
microimpute_qrf,1,scf,q90_ratio.debt,1.1482437208888818
microimpute_qrf,1,scf,q99_ratio.debt,0.8968286022632541
microimpute_qrf,1,scf,w1_over_sd.networth,0.035238605287251736
microimpute_qrf,1,scf,q90_ratio.networth,0.8706628267529957
microimpute_qrf,1,scf,q99_ratio.networth,0.614313621629808
microimpute_ols,1,scf,energy_distance,0.214178956714989
microimpute_ols,1,scf,c2st_auc,0.9930051357877476
microimpute_ols,1,scf,prdc_precision,0.5400390625
microimpute_ols,1,scf,prdc_recall,0.8859509444880703
microimpute_ols,1,scf,prdc_density,0.32666015625
microimpute_ols,1,scf,prdc_coverage,0.6993756868971261
microimpute_ols,1,scf,w1_over_sd.debt,0.7896690090988332
microimpute_ols,1,scf,q90_ratio.debt,2.1802173029004126
microimpute_ols,1,scf,q99_ratio.debt,1.2208947332458189
microimpute_ols,1,scf,w1_over_sd.networth,0.537809640376307
microimpute_ols,1,scf,q90_ratio.networth,4.047365403245022
microimpute_ols,1,scf,q99_ratio.networth,1.1080088740245229
microimpute_quantreg,1,scf,energy_distance,0.16477917053053925
microimpute_quantreg,1,scf,c2st_auc,0.9480004173480442
microimpute_quantreg,1,scf,prdc_precision,0.94189453125
microimpute_quantreg,1,scf,prdc_recall,0.9156638337765242
microimpute_quantreg,1,scf,prdc_density,0.88115234375
microimpute_quantreg,1,scf,prdc_coverage,0.9278253571261111
microimpute_quantreg,1,scf,w1_over_sd.debt,0.12943434299677117
microimpute_quantreg,1,scf,q90_ratio.debt,0.6455656051081025
microimpute_quantreg,1,scf,q99_ratio.debt,0.8643570532408604
microimpute_quantreg,1,scf,w1_over_sd.networth,0.07269068281927892
microimpute_quantreg,1,scf,q90_ratio.networth,0.8680564473285988
microimpute_quantreg,1,scf,q99_ratio.networth,0.43556740131309346
statmatch_hotdeck,1,scf,energy_distance,0.16026353159896223
statmatch_hotdeck,1,scf,c2st_auc,0.7383603345717471
statmatch_hotdeck,1,scf,prdc_precision,0.9443359375
statmatch_hotdeck,1,scf,prdc_recall,0.9467831083713127
statmatch_hotdeck,1,scf,prdc_density,0.898828125
statmatch_hotdeck,1,scf,prdc_coverage,0.9558867169301696
statmatch_hotdeck,1,scf,w1_over_sd.debt,0.029741546618191745
statmatch_hotdeck,1,scf,q90_ratio.debt,1.051713793182643
statmatch_hotdeck,1,scf,q99_ratio.debt,0.8968286022632541
statmatch_hotdeck,1,scf,w1_over_sd.networth,0.06924942175440056
statmatch_hotdeck,1,scf,q90_ratio.networth,0.9363562737821614
statmatch_hotdeck,1,scf,q99_ratio.networth,0.7921554832877957
weighted_marginal,1,scf,energy_distance,0.15652175163302928
weighted_marginal,1,scf,c2st_auc,0.8474338297865736
weighted_marginal,1,scf,prdc_precision,0.90234375
weighted_marginal,1,scf,prdc_recall,0.9510286528638089
weighted_marginal,1,scf,prdc_density,0.7376953125
weighted_marginal,1,scf,prdc_coverage,0.9320675620593785
weighted_marginal,1,scf,w1_over_sd.debt,0.032512706871527006
weighted_marginal,1,scf,q90_ratio.debt,0.9797498650423633
weighted_marginal,1,scf,q99_ratio.debt,0.9585473118311583
weighted_marginal,1,scf,w1_over_sd.networth,0.013434042313274592
weighted_marginal,1,scf,q90_ratio.networth,0.8449340757206946
weighted_marginal,1,scf,q99_ratio.networth,1.1678913304796121
scf_sample_reference,2,scf,energy_distance,0.006044049116062489
scf_sample_reference,2,scf,c2st_auc,0.47398700992210374
scf_sample_reference,2,scf,prdc_precision,0.98486328125
scf_sample_reference,2,scf,prdc_recall,0.9705686340397478
scf_sample_reference,2,scf,prdc_density,1.0234375
scf_sample_reference,2,scf,prdc_coverage,0.9926043727663632
scf_sample_reference,2,scf,w1_over_sd.debt,0.035197694576633395
scf_sample_reference,2,scf,q90_ratio.debt,0.9932259452020464
scf_sample_reference,2,scf,q99_ratio.debt,1.3831235432057944
scf_sample_reference,2,scf,w1_over_sd.networth,0.015591757227933522
scf_sample_reference,2,scf,q90_ratio.networth,1.0210324314868278
scf_sample_reference,2,scf,q99_ratio.networth,1.410282074418788
populace_fit,2,scf,energy_distance,0.10765472841525892
populace_fit,2,scf,c2st_auc,0.7233662474084384
populace_fit,2,scf,prdc_precision,0.9609375
populace_fit,2,scf,prdc_recall,0.946755213058732
populace_fit,2,scf,prdc_density,0.8865234375
populace_fit,2,scf,prdc_coverage,0.9682379988711215
populace_fit,2,scf,w1_over_sd.debt,0.0636128918415007
populace_fit,2,scf,q90_ratio.debt,1.164675661933352
populace_fit,2,scf,q99_ratio.debt,1.1938563025439994
populace_fit,2,scf,w1_over_sd.networth,0.021811195168522965
populace_fit,2,scf,q90_ratio.networth,1.0565119691564198
populace_fit,2,scf,q99_ratio.networth,0.9029533859903351
populace_fit_unweighted,2,scf,energy_distance,0.11163510035228708
populace_fit_unweighted,2,scf,c2st_auc,0.7257358080599341
populace_fit_unweighted,2,scf,prdc_precision,0.95361328125
populace_fit_unweighted,2,scf,prdc_recall,0.9478668918754709
populace_fit_unweighted,2,scf,prdc_density,0.88388671875
populace_fit_unweighted,2,scf,prdc_coverage,0.9731408948125322
populace_fit_unweighted,2,scf,w1_over_sd.debt,0.129062635462743
populace_fit_unweighted,2,scf,q90_ratio.debt,1.2592686090954517
populace_fit_unweighted,2,scf,q99_ratio.debt,1.7813493407821952
populace_fit_unweighted,2,scf,w1_over_sd.networth,0.1032111347770754
populace_fit_unweighted,2,scf,q90_ratio.networth,1.4789321190397178
populace_fit_unweighted,2,scf,q99_ratio.networth,2.1595670166594836
populace_fit_unchained,2,scf,energy_distance,0.10810395795147398
populace_fit_unchained,2,scf,c2st_auc,0.7363269572638458
populace_fit_unchained,2,scf,prdc_precision,0.9560546875
populace_fit_unchained,2,scf,prdc_recall,0.9436562012591989
populace_fit_unchained,2,scf,prdc_density,0.8890625
populace_fit_unchained,2,scf,prdc_coverage,0.9666264218265853
populace_fit_unchained,2,scf,w1_over_sd.debt,0.0636128918415007
populace_fit_unchained,2,scf,q90_ratio.debt,1.164675661933352
populace_fit_unchained,2,scf,q99_ratio.debt,1.1938563025439994
populace_fit_unchained,2,scf,w1_over_sd.networth,0.01721704549093325
populace_fit_unchained,2,scf,q90_ratio.networth,1.1342195818681238
populace_fit_unchained,2,scf,q99_ratio.networth,1.0622152965071767
plain_qrf,2,scf,energy_distance,0.10851557172446302
plain_qrf,2,scf,c2st_auc,0.7809091682827841
plain_qrf,2,scf,prdc_precision,0.96337890625
plain_qrf,2,scf,prdc_recall,0.9264389498145349
plain_qrf,2,scf,prdc_density,0.9083984375
plain_qrf,2,scf,prdc_coverage,0.9671094165270896
plain_qrf,2,scf,w1_over_sd.debt,0.0547185268283055
plain_qrf,2,scf,q90_ratio.debt,1.149895513939274
plain_qrf,2,scf,q99_ratio.debt,1.1938563025439994
plain_qrf,2,scf,w1_over_sd.networth,0.024733745482770447
plain_qrf,2,scf,q90_ratio.networth,1.0262202531518836
plain_qrf,2,scf,q99_ratio.networth,0.9993842642081826
microimpute_qrf,2,scf,energy_distance,0.10851557172446302
microimpute_qrf,2,scf,c2st_auc,0.7809091682827841
microimpute_qrf,2,scf,prdc_precision,0.96337890625
microimpute_qrf,2,scf,prdc_recall,0.9264389498145349
microimpute_qrf,2,scf,prdc_density,0.9083984375
microimpute_qrf,2,scf,prdc_coverage,0.9671094165270896
microimpute_qrf,2,scf,w1_over_sd.debt,0.0547185268283055
microimpute_qrf,2,scf,q90_ratio.debt,1.149895513939274
microimpute_qrf,2,scf,q99_ratio.debt,1.1938563025439994
microimpute_qrf,2,scf,w1_over_sd.networth,0.024733745482770447
microimpute_qrf,2,scf,q90_ratio.networth,1.0262202531518836
microimpute_qrf,2,scf,q99_ratio.networth,0.9993842642081826
microimpute_ols,2,scf,energy_distance,0.1132988746746717
microimpute_ols,2,scf,c2st_auc,0.9854003307349248
microimpute_ols,2,scf,prdc_precision,0.7666015625
microimpute_ols,2,scf,prdc_recall,0.8717882371689448
microimpute_ols,2,scf,prdc_density,0.5494140625
microimpute_ols,2,scf,prdc_coverage,0.8173808118042727
microimpute_ols,2,scf,w1_over_sd.debt,0.30283085553200306
microimpute_ols,2,scf,q90_ratio.debt,1.1599732061181267
microimpute_ols,2,scf,q99_ratio.debt,0.7576813467013025
microimpute_ols,2,scf,w1_over_sd.networth,0.23529429425477597
microimpute_ols,2,scf,q90_ratio.networth,2.393335922011853
microimpute_ols,2,scf,q99_ratio.networth,0.6927313893740281
microimpute_quantreg,2,scf,energy_distance,0.10751375698033039
microimpute_quantreg,2,scf,c2st_auc,0.9234529668684205
microimpute_quantreg,2,scf,prdc_precision,0.96142578125
microimpute_quantreg,2,scf,prdc_recall,0.898863859485308
microimpute_quantreg,2,scf,prdc_density,0.9021484375
microimpute_quantreg,2,scf,prdc_coverage,0.9587718663689855
microimpute_quantreg,2,scf,w1_over_sd.debt,0.04305860601604278
microimpute_quantreg,2,scf,q90_ratio.debt,0.9101338089815143
microimpute_quantreg,2,scf,q99_ratio.debt,1.0614772249700062
microimpute_quantreg,2,scf,w1_over_sd.networth,0.03941194705479498
microimpute_quantreg,2,scf,q90_ratio.networth,0.8539291959619082
microimpute_quantreg,2,scf,q99_ratio.networth,0.5520328092608765
statmatch_hotdeck,2,scf,energy_distance,0.1099729990198135
statmatch_hotdeck,2,scf,c2st_auc,0.7474045040470304
statmatch_hotdeck,2,scf,prdc_precision,0.9599609375
statmatch_hotdeck,2,scf,prdc_recall,0.9283767405341479
statmatch_hotdeck,2,scf,prdc_density,0.90830078125
statmatch_hotdeck,2,scf,prdc_coverage,0.9826500587947864
statmatch_hotdeck,2,scf,w1_over_sd.debt,0.0296536572786365
statmatch_hotdeck,2,scf,q90_ratio.debt,1.075699171009002
statmatch_hotdeck,2,scf,q99_ratio.debt,1.1925982874728256
statmatch_hotdeck,2,scf,w1_over_sd.networth,0.049302909359924166
statmatch_hotdeck,2,scf,q90_ratio.networth,1.076688318595707
statmatch_hotdeck,2,scf,q99_ratio.networth,1.002073416857568
weighted_marginal,2,scf,energy_distance,0.10756339242778701
weighted_marginal,2,scf,c2st_auc,0.8478719389595429
weighted_marginal,2,scf,prdc_precision,0.939453125
weighted_marginal,2,scf,prdc_recall,0.9504407355126288
weighted_marginal,2,scf,prdc_density,0.76337890625
weighted_marginal,2,scf,prdc_coverage,0.9457254776544622
weighted_marginal,2,scf,w1_over_sd.debt,0.032517888367101296
weighted_marginal,2,scf,q90_ratio.debt,1.0020940339984934
weighted_marginal,2,scf,q99_ratio.debt,1.3542355207007735
weighted_marginal,2,scf,w1_over_sd.networth,0.01327788169678553
weighted_marginal,2,scf,q90_ratio.networth,1.0305709484487648
weighted_marginal,2,scf,q99_ratio.networth,1.316178096064536
scf_sample_reference,3,scf,energy_distance,0.007972529300645625
scf_sample_reference,3,scf,c2st_auc,0.47306275705141065
scf_sample_reference,3,scf,prdc_precision,0.9833984375
scf_sample_reference,3,scf,prdc_recall,0.9437795236523906
scf_sample_reference,3,scf,prdc_density,1.02275390625
scf_sample_reference,3,scf,prdc_coverage,0.9865374282072631
scf_sample_reference,3,scf,w1_over_sd.debt,0.0238154045221002
scf_sample_reference,3,scf,q90_ratio.debt,0.9814625339935374
scf_sample_reference,3,scf,q99_ratio.debt,1.1526957373165587
scf_sample_reference,3,scf,w1_over_sd.networth,0.008725480455061864
scf_sample_reference,3,scf,q90_ratio.networth,1.0958702174805237
scf_sample_reference,3,scf,q99_ratio.networth,0.8679431641167189
populace_fit,3,scf,energy_distance,0.15738709401992867
populace_fit,3,scf,c2st_auc,0.7432113149523967
populace_fit,3,scf,prdc_precision,0.970703125
populace_fit,3,scf,prdc_recall,0.9636427581237295
populace_fit,3,scf,prdc_density,0.93427734375
populace_fit,3,scf,prdc_coverage,0.9718181340170876
populace_fit,3,scf,w1_over_sd.debt,0.04980485676105624
populace_fit,3,scf,q90_ratio.debt,1.0813581355810096
populace_fit,3,scf,q99_ratio.debt,1.0278731158607606
populace_fit,3,scf,w1_over_sd.networth,0.02858142976352191
populace_fit,3,scf,q90_ratio.networth,1.1351398267280817
populace_fit,3,scf,q99_ratio.networth,0.6176204774572099
populace_fit_unweighted,3,scf,energy_distance,0.15986086019545542
populace_fit_unweighted,3,scf,c2st_auc,0.7410831865607442
populace_fit_unweighted,3,scf,prdc_precision,0.96630859375
populace_fit_unweighted,3,scf,prdc_recall,0.9644459221442062
populace_fit_unweighted,3,scf,prdc_density,0.91962890625
populace_fit_unweighted,3,scf,prdc_coverage,0.964709717267521
populace_fit_unweighted,3,scf,w1_over_sd.debt,0.09810077984934296
populace_fit_unweighted,3,scf,q90_ratio.debt,1.2670170150006144
populace_fit_unweighted,3,scf,q99_ratio.debt,1.469176523762279
populace_fit_unweighted,3,scf,w1_over_sd.networth,0.184135102774024
populace_fit_unweighted,3,scf,q90_ratio.networth,1.51393983046996
populace_fit_unweighted,3,scf,q99_ratio.networth,1.7925970189252667
populace_fit_unchained,3,scf,energy_distance,0.15738994417595986
populace_fit_unchained,3,scf,c2st_auc,0.7593263829192312
populace_fit_unchained,3,scf,prdc_precision,0.97021484375
populace_fit_unchained,3,scf,prdc_recall,0.9591249716477196
populace_fit_unchained,3,scf,prdc_density,0.93671875
populace_fit_unchained,3,scf,prdc_coverage,0.9672665993766159
populace_fit_unchained,3,scf,w1_over_sd.debt,0.04980485676105624
populace_fit_unchained,3,scf,q90_ratio.debt,1.0813581355810096
populace_fit_unchained,3,scf,q99_ratio.debt,1.0278731158607606
populace_fit_unchained,3,scf,w1_over_sd.networth,0.020383964517551957
populace_fit_unchained,3,scf,q90_ratio.networth,1.1409928370590292
populace_fit_unchained,3,scf,q99_ratio.networth,0.8101844519573984
plain_qrf,3,scf,energy_distance,0.16028625105834404
plain_qrf,3,scf,c2st_auc,0.7733456960458933
plain_qrf,3,scf,prdc_precision,0.97265625
plain_qrf,3,scf,prdc_recall,0.9601693910737159
plain_qrf,3,scf,prdc_density,0.9193359375
plain_qrf,3,scf,prdc_coverage,0.943724024691157
plain_qrf,3,scf,w1_over_sd.debt,0.07442157130433026
plain_qrf,3,scf,q90_ratio.debt,1.1690358222497401
plain_qrf,3,scf,q99_ratio.debt,1.233133850416443
plain_qrf,3,scf,w1_over_sd.networth,0.023156014102026896
plain_qrf,3,scf,q90_ratio.networth,1.0956428696652818
plain_qrf,3,scf,q99_ratio.networth,0.6844013400549351
microimpute_qrf,3,scf,energy_distance,0.16028625105834404
microimpute_qrf,3,scf,c2st_auc,0.7733456960458933
microimpute_qrf,3,scf,prdc_precision,0.97265625
microimpute_qrf,3,scf,prdc_recall,0.9601693910737159
microimpute_qrf,3,scf,prdc_density,0.9193359375
microimpute_qrf,3,scf,prdc_coverage,0.943724024691157
microimpute_qrf,3,scf,w1_over_sd.debt,0.07442157130433026
microimpute_qrf,3,scf,q90_ratio.debt,1.1690358222497401
microimpute_qrf,3,scf,q99_ratio.debt,1.233133850416443
microimpute_qrf,3,scf,w1_over_sd.networth,0.023156014102026896
microimpute_qrf,3,scf,q90_ratio.networth,1.0956428696652818
microimpute_qrf,3,scf,q99_ratio.networth,0.6844013400549351
microimpute_ols,3,scf,energy_distance,0.18003964657766147
microimpute_ols,3,scf,c2st_auc,0.990775862072206
microimpute_ols,3,scf,prdc_precision,0.6064453125
microimpute_ols,3,scf,prdc_recall,0.8996324147083837
microimpute_ols,3,scf,prdc_density,0.38515625
microimpute_ols,3,scf,prdc_coverage,0.6848948999369846
microimpute_ols,3,scf,w1_over_sd.debt,0.26958907604574195
microimpute_ols,3,scf,q90_ratio.debt,1.2385823027369955
microimpute_ols,3,scf,q99_ratio.debt,0.7820659557696592
microimpute_ols,3,scf,w1_over_sd.networth,0.6105844907495614
microimpute_ols,3,scf,q90_ratio.networth,6.474260887813824
microimpute_ols,3,scf,q99_ratio.networth,1.2691058885061783
microimpute_quantreg,3,scf,energy_distance,0.15790920851399015
microimpute_quantreg,3,scf,c2st_auc,0.91130558381499
microimpute_quantreg,3,scf,prdc_precision,0.9697265625
microimpute_quantreg,3,scf,prdc_recall,0.9495380380382927
microimpute_quantreg,3,scf,prdc_density,0.93017578125
microimpute_quantreg,3,scf,prdc_coverage,0.9484845870583145
microimpute_quantreg,3,scf,w1_over_sd.debt,0.03263345530575662
microimpute_quantreg,3,scf,q90_ratio.debt,0.9949737099451506
microimpute_quantreg,3,scf,q99_ratio.debt,1.0772918261238922
microimpute_quantreg,3,scf,w1_over_sd.networth,0.03990389249865744
microimpute_quantreg,3,scf,q90_ratio.networth,1.3814107533203621
microimpute_quantreg,3,scf,q99_ratio.networth,0.6002732399517228
statmatch_hotdeck,3,scf,energy_distance,0.15920137797277967
statmatch_hotdeck,3,scf,c2st_auc,0.7622899970548278
statmatch_hotdeck,3,scf,prdc_precision,0.97900390625
statmatch_hotdeck,3,scf,prdc_recall,0.952710283595382
statmatch_hotdeck,3,scf,prdc_density,0.94228515625
statmatch_hotdeck,3,scf,prdc_coverage,0.9612226542212883
statmatch_hotdeck,3,scf,w1_over_sd.debt,0.02604104989201183
statmatch_hotdeck,3,scf,q90_ratio.debt,1.063530339291701
statmatch_hotdeck,3,scf,q99_ratio.debt,1.0627371729043529
statmatch_hotdeck,3,scf,w1_over_sd.networth,0.04724854096505739
statmatch_hotdeck,3,scf,q90_ratio.networth,1.1340514855711037
statmatch_hotdeck,3,scf,q99_ratio.networth,0.6409164035854779
weighted_marginal,3,scf,energy_distance,0.15777741414985025
weighted_marginal,3,scf,c2st_auc,0.8524060384692287
weighted_marginal,3,scf,prdc_precision,0.94921875
weighted_marginal,3,scf,prdc_recall,0.955248437250046
weighted_marginal,3,scf,prdc_density,0.82470703125
weighted_marginal,3,scf,prdc_coverage,0.9427409247062466
weighted_marginal,3,scf,w1_over_sd.debt,0.026815766431152476
weighted_marginal,3,scf,q90_ratio.debt,0.9907578593566547
weighted_marginal,3,scf,q99_ratio.debt,1.18166549602301
weighted_marginal,3,scf,w1_over_sd.networth,0.008746295771104404
weighted_marginal,3,scf,q90_ratio.networth,1.0544880188846573
weighted_marginal,3,scf,q99_ratio.networth,0.812046644075336
scf_sample_reference,4,scf,energy_distance,0.006956605726028187
scf_sample_reference,4,scf,c2st_auc,0.5002452602843326
scf_sample_reference,4,scf,prdc_precision,0.98193359375
scf_sample_reference,4,scf,prdc_recall,0.9817978983342918
scf_sample_reference,4,scf,prdc_density,1.02578125
scf_sample_reference,4,scf,prdc_coverage,0.9870920300247683
scf_sample_reference,4,scf,w1_over_sd.debt,0.043653803218520935
scf_sample_reference,4,scf,q90_ratio.debt,1.0950031581590478
scf_sample_reference,4,scf,q99_ratio.debt,1.1481203403240703
scf_sample_reference,4,scf,w1_over_sd.networth,0.013470600551152477
scf_sample_reference,4,scf,q90_ratio.networth,1.1768250123301331
scf_sample_reference,4,scf,q99_ratio.networth,1.020698893642437
populace_fit,4,scf,energy_distance,0.14248139189533493
populace_fit,4,scf,c2st_auc,0.7376120877146892
populace_fit,4,scf,prdc_precision,0.94921875
populace_fit,4,scf,prdc_recall,0.9678554221961172
populace_fit,4,scf,prdc_density,0.958203125
populace_fit,4,scf,prdc_coverage,0.9607795986993762
populace_fit,4,scf,w1_over_sd.debt,0.0855775500530956
populace_fit,4,scf,q90_ratio.debt,1.28681078480231
populace_fit,4,scf,q99_ratio.debt,1.054442308294944
populace_fit,4,scf,w1_over_sd.networth,0.034590484984520865
populace_fit,4,scf,q90_ratio.networth,1.1746586038395994
populace_fit,4,scf,q99_ratio.networth,0.6894991758683375
populace_fit_unweighted,4,scf,energy_distance,0.14134343154471907
populace_fit_unweighted,4,scf,c2st_auc,0.7456163659752757
populace_fit_unweighted,4,scf,prdc_precision,0.94140625
populace_fit_unweighted,4,scf,prdc_recall,0.9673111054440363
populace_fit_unweighted,4,scf,prdc_density,0.94677734375
populace_fit_unweighted,4,scf,prdc_coverage,0.9552283352372012
populace_fit_unweighted,4,scf,w1_over_sd.debt,0.12844019306397356
populace_fit_unweighted,4,scf,q90_ratio.debt,1.3755234630725954
populace_fit_unweighted,4,scf,q99_ratio.debt,1.4917905491257573
populace_fit_unweighted,4,scf,w1_over_sd.networth,0.1410631443080779
populace_fit_unweighted,4,scf,q90_ratio.networth,1.5261630852828463
populace_fit_unweighted,4,scf,q99_ratio.networth,1.9298149258827528
populace_fit_unchained,4,scf,energy_distance,0.14255876165388237
populace_fit_unchained,4,scf,c2st_auc,0.7551345432014414
populace_fit_unchained,4,scf,prdc_precision,0.94970703125
populace_fit_unchained,4,scf,prdc_recall,0.9620243623620335
populace_fit_unchained,4,scf,prdc_density,0.96103515625
populace_fit_unchained,4,scf,prdc_coverage,0.9594057436555318
populace_fit_unchained,4,scf,w1_over_sd.debt,0.0855775500530956
populace_fit_unchained,4,scf,q90_ratio.debt,1.28681078480231
populace_fit_unchained,4,scf,q99_ratio.debt,1.054442308294944
populace_fit_unchained,4,scf,w1_over_sd.networth,0.03591838032795802
populace_fit_unchained,4,scf,q90_ratio.networth,1.1907092964342731
populace_fit_unchained,4,scf,q99_ratio.networth,0.5991338606868388
plain_qrf,4,scf,energy_distance,0.14050476361421937
plain_qrf,4,scf,c2st_auc,0.7765204597768186
plain_qrf,4,scf,prdc_precision,0.94580078125
plain_qrf,4,scf,prdc_recall,0.9527876517210778
plain_qrf,4,scf,prdc_density,0.943359375
plain_qrf,4,scf,prdc_coverage,0.9549970835616802
plain_qrf,4,scf,w1_over_sd.debt,0.1166377825179189
plain_qrf,4,scf,q90_ratio.debt,1.3513580023251341
plain_qrf,4,scf,q99_ratio.debt,1.1679955110168794
plain_qrf,4,scf,w1_over_sd.networth,0.028599198604633787
plain_qrf,4,scf,q90_ratio.networth,1.3015729256526225
plain_qrf,4,scf,q99_ratio.networth,0.7781881027418379
microimpute_qrf,4,scf,energy_distance,0.14050476361421937
microimpute_qrf,4,scf,c2st_auc,0.7765204597768186
microimpute_qrf,4,scf,prdc_precision,0.94580078125
microimpute_qrf,4,scf,prdc_recall,0.9527876517210778
microimpute_qrf,4,scf,prdc_density,0.943359375
microimpute_qrf,4,scf,prdc_coverage,0.9549970835616802
microimpute_qrf,4,scf,w1_over_sd.debt,0.1166377825179189
microimpute_qrf,4,scf,q90_ratio.debt,1.3513580023251341
microimpute_qrf,4,scf,q99_ratio.debt,1.1679955110168794
microimpute_qrf,4,scf,w1_over_sd.networth,0.028599198604633787
microimpute_qrf,4,scf,q90_ratio.networth,1.3015729256526225
microimpute_qrf,4,scf,q99_ratio.networth,0.7781881027418379
microimpute_ols,4,scf,energy_distance,0.14461234254048527
microimpute_ols,4,scf,c2st_auc,0.985071752924713
microimpute_ols,4,scf,prdc_precision,0.7470703125
microimpute_ols,4,scf,prdc_recall,0.8940397274432065
microimpute_ols,4,scf,prdc_density,0.59462890625
microimpute_ols,4,scf,prdc_coverage,0.797397930622515
microimpute_ols,4,scf,w1_over_sd.debt,0.37382433428192113
microimpute_ols,4,scf,q90_ratio.debt,1.2842947973426742
microimpute_ols,4,scf,q99_ratio.debt,0.7263376861527486
microimpute_ols,4,scf,w1_over_sd.networth,0.23183540356837035
microimpute_ols,4,scf,q90_ratio.networth,2.9991450189180613
microimpute_ols,4,scf,q99_ratio.networth,0.6014389222674411
microimpute_quantreg,4,scf,energy_distance,0.13797300352598185
microimpute_quantreg,4,scf,c2st_auc,0.9266330032657665
microimpute_quantreg,4,scf,prdc_precision,0.95654296875
microimpute_quantreg,4,scf,prdc_recall,0.9242815938041767
microimpute_quantreg,4,scf,prdc_density,0.9630859375
microimpute_quantreg,4,scf,prdc_coverage,0.9480138653129265
microimpute_quantreg,4,scf,w1_over_sd.debt,0.04471552333704132
microimpute_quantreg,4,scf,q90_ratio.debt,1.025702508845414
microimpute_quantreg,4,scf,q99_ratio.debt,1.019417394162544
microimpute_quantreg,4,scf,w1_over_sd.networth,0.04617490449240913
microimpute_quantreg,4,scf,q90_ratio.networth,1.1559658483415958
microimpute_quantreg,4,scf,q99_ratio.networth,0.4823109795231779
statmatch_hotdeck,4,scf,energy_distance,0.14126884781593807
statmatch_hotdeck,4,scf,c2st_auc,0.7614453790543445
statmatch_hotdeck,4,scf,prdc_precision,0.955078125
statmatch_hotdeck,4,scf,prdc_recall,0.9563461565410354
statmatch_hotdeck,4,scf,prdc_density,0.9603515625
statmatch_hotdeck,4,scf,prdc_coverage,0.9484720043422327
statmatch_hotdeck,4,scf,w1_over_sd.debt,0.051640711243650564
statmatch_hotdeck,4,scf,q90_ratio.debt,1.1977801399432424
statmatch_hotdeck,4,scf,q99_ratio.debt,1.059707309802507
statmatch_hotdeck,4,scf,w1_over_sd.networth,0.05325734765080288
statmatch_hotdeck,4,scf,q90_ratio.networth,1.2085990704971916
statmatch_hotdeck,4,scf,q99_ratio.networth,0.7044042047471035
weighted_marginal,4,scf,energy_distance,0.14026788509623644
weighted_marginal,4,scf,c2st_auc,0.8620190376877781
weighted_marginal,4,scf,prdc_precision,0.92138671875
weighted_marginal,4,scf,prdc_recall,0.9568320035996056
weighted_marginal,4,scf,prdc_density,0.835546875
weighted_marginal,4,scf,prdc_coverage,0.9390934331143493
weighted_marginal,4,scf,w1_over_sd.debt,0.053545748829677164
weighted_marginal,4,scf,q90_ratio.debt,1.1001643971870505
weighted_marginal,4,scf,q99_ratio.debt,1.168137277155717
weighted_marginal,4,scf,w1_over_sd.networth,0.015953495487200688
weighted_marginal,4,scf,q90_ratio.networth,1.1509101058735
weighted_marginal,4,scf,q99_ratio.networth,0.9494372670082206
scf_sample_reference,5,scf,energy_distance,0.008033253143192365
scf_sample_reference,5,scf,c2st_auc,0.49141422510378174
scf_sample_reference,5,scf,prdc_precision,0.98876953125
scf_sample_reference,5,scf,prdc_recall,0.9564643711305392
scf_sample_reference,5,scf,prdc_density,1.052734375
scf_sample_reference,5,scf,prdc_coverage,0.9950167099457359
scf_sample_reference,5,scf,w1_over_sd.debt,0.02622468479572891
scf_sample_reference,5,scf,q90_ratio.debt,0.9992077842649016
scf_sample_reference,5,scf,q99_ratio.debt,0.9089626716285647
scf_sample_reference,5,scf,w1_over_sd.networth,0.011124871352157329
scf_sample_reference,5,scf,q90_ratio.networth,1.1621745392132818
scf_sample_reference,5,scf,q99_ratio.networth,1.2103239622263624
populace_fit,5,scf,energy_distance,0.09413969198732053
populace_fit,5,scf,c2st_auc,0.741204625647787
populace_fit,5,scf,prdc_precision,0.96240234375
populace_fit,5,scf,prdc_recall,0.9417858079105557
populace_fit,5,scf,prdc_density,0.93603515625
populace_fit,5,scf,prdc_coverage,0.9566807240875432
populace_fit,5,scf,w1_over_sd.debt,0.047675762607750805
populace_fit,5,scf,q90_ratio.debt,1.0941659017946246
populace_fit,5,scf,q99_ratio.debt,1.003400863852429
populace_fit,5,scf,w1_over_sd.networth,0.028721319150200753
populace_fit,5,scf,q90_ratio.networth,1.1720890143687743
populace_fit,5,scf,q99_ratio.networth,0.7183885496434183
populace_fit_unweighted,5,scf,energy_distance,0.09437982484031116
populace_fit_unweighted,5,scf,c2st_auc,0.7351047606721307
populace_fit_unweighted,5,scf,prdc_precision,0.9599609375
populace_fit_unweighted,5,scf,prdc_recall,0.9513626108280682
populace_fit_unweighted,5,scf,prdc_density,0.93369140625
populace_fit_unweighted,5,scf,prdc_coverage,0.9531300335963022
populace_fit_unweighted,5,scf,w1_over_sd.debt,0.06900368070983956
populace_fit_unweighted,5,scf,q90_ratio.debt,1.208637062716073
populace_fit_unweighted,5,scf,q99_ratio.debt,1.1932571322106753
populace_fit_unweighted,5,scf,w1_over_sd.networth,0.15864116592233002
populace_fit_unweighted,5,scf,q90_ratio.networth,1.4867758450795554
populace_fit_unweighted,5,scf,q99_ratio.networth,1.8664687702049798
populace_fit_unchained,5,scf,energy_distance,0.09425164346008152
populace_fit_unchained,5,scf,c2st_auc,0.742064708723229
populace_fit_unchained,5,scf,prdc_precision,0.96435546875
populace_fit_unchained,5,scf,prdc_recall,0.935851055502871
populace_fit_unchained,5,scf,prdc_density,0.93232421875
populace_fit_unchained,5,scf,prdc_coverage,0.9563452426614112
populace_fit_unchained,5,scf,w1_over_sd.debt,0.047675762607750805
populace_fit_unchained,5,scf,q90_ratio.debt,1.0941659017946246
populace_fit_unchained,5,scf,q99_ratio.debt,1.003400863852429
populace_fit_unchained,5,scf,w1_over_sd.networth,0.02466650531740829
populace_fit_unchained,5,scf,q90_ratio.networth,1.2524339472935153
populace_fit_unchained,5,scf,q99_ratio.networth,0.896127041858203
plain_qrf,5,scf,energy_distance,0.0952907079802654
plain_qrf,5,scf,c2st_auc,0.7743630661678685
plain_qrf,5,scf,prdc_precision,0.96044921875
plain_qrf,5,scf,prdc_recall,0.9366022293742231
plain_qrf,5,scf,prdc_density,0.9296875
plain_qrf,5,scf,prdc_coverage,0.9623381008201994
plain_qrf,5,scf,w1_over_sd.debt,0.0831196861609554
plain_qrf,5,scf,q90_ratio.debt,1.213096978076649
plain_qrf,5,scf,q99_ratio.debt,0.9049014293208937
plain_qrf,5,scf,w1_over_sd.networth,0.022035964256061066
plain_qrf,5,scf,q90_ratio.networth,1.1089974283658643
plain_qrf,5,scf,q99_ratio.networth,0.970735092409437
microimpute_qrf,5,scf,energy_distance,0.0952907079802654
microimpute_qrf,5,scf,c2st_auc,0.7743630661678685
microimpute_qrf,5,scf,prdc_precision,0.96044921875
microimpute_qrf,5,scf,prdc_recall,0.9366022293742231
microimpute_qrf,5,scf,prdc_density,0.9296875
microimpute_qrf,5,scf,prdc_coverage,0.9623381008201994
microimpute_qrf,5,scf,w1_over_sd.debt,0.0831196861609554
microimpute_qrf,5,scf,q90_ratio.debt,1.213096978076649
microimpute_qrf,5,scf,q99_ratio.debt,0.9049014293208937
microimpute_qrf,5,scf,w1_over_sd.networth,0.022035964256061066
microimpute_qrf,5,scf,q90_ratio.networth,1.1089974283658643
microimpute_qrf,5,scf,q99_ratio.networth,0.970735092409437
microimpute_ols,5,scf,energy_distance,0.10015167861922603
microimpute_ols,5,scf,c2st_auc,0.9845869246125319
microimpute_ols,5,scf,prdc_precision,0.7412109375
microimpute_ols,5,scf,prdc_recall,0.8816778558110037
microimpute_ols,5,scf,prdc_density,0.5310546875
microimpute_ols,5,scf,prdc_coverage,0.7711628095904149
microimpute_ols,5,scf,w1_over_sd.debt,0.3112878096881845
microimpute_ols,5,scf,q90_ratio.debt,1.2400103078019804
microimpute_ols,5,scf,q99_ratio.debt,0.5926315042652142
microimpute_ols,5,scf,w1_over_sd.networth,0.2994857734554108
microimpute_ols,5,scf,q90_ratio.networth,3.767625048756055
microimpute_ols,5,scf,q99_ratio.networth,0.8814920658810154
microimpute_quantreg,5,scf,energy_distance,0.09460134022349331
microimpute_quantreg,5,scf,c2st_auc,0.9136849381968742
microimpute_quantreg,5,scf,prdc_precision,0.97119140625
microimpute_quantreg,5,scf,prdc_recall,0.9116346923869644
microimpute_quantreg,5,scf,prdc_density,0.956640625
microimpute_quantreg,5,scf,prdc_coverage,0.9463293463543783
microimpute_quantreg,5,scf,w1_over_sd.debt,0.05816098401666144
microimpute_quantreg,5,scf,q90_ratio.debt,0.8903565942989958
microimpute_quantreg,5,scf,q99_ratio.debt,0.743287621873733
microimpute_quantreg,5,scf,w1_over_sd.networth,0.036326127347324835
microimpute_quantreg,5,scf,q90_ratio.networth,1.1372450103290883
microimpute_quantreg,5,scf,q99_ratio.networth,0.6314792490154122
statmatch_hotdeck,5,scf,energy_distance,0.09571080220168726
statmatch_hotdeck,5,scf,c2st_auc,0.7580296460276591
statmatch_hotdeck,5,scf,prdc_precision,0.97705078125
statmatch_hotdeck,5,scf,prdc_recall,0.9216826236642576
statmatch_hotdeck,5,scf,prdc_density,0.96279296875
statmatch_hotdeck,5,scf,prdc_coverage,0.96270060446332
statmatch_hotdeck,5,scf,w1_over_sd.debt,0.052522936866870124
statmatch_hotdeck,5,scf,q90_ratio.debt,1.1001124556087258
statmatch_hotdeck,5,scf,q99_ratio.debt,0.8498072114055224
statmatch_hotdeck,5,scf,w1_over_sd.networth,0.04511513947073911
statmatch_hotdeck,5,scf,q90_ratio.networth,1.1926737512514196
statmatch_hotdeck,5,scf,q99_ratio.networth,0.8424556585864905
weighted_marginal,5,scf,energy_distance,0.09507588291990032
weighted_marginal,5,scf,c2st_auc,0.8525273246840369
weighted_marginal,5,scf,prdc_precision,0.92626953125
weighted_marginal,5,scf,prdc_recall,0.9492337530847996
weighted_marginal,5,scf,prdc_density,0.78564453125
weighted_marginal,5,scf,prdc_coverage,0.9377792981296496
weighted_marginal,5,scf,w1_over_sd.debt,0.021917997091556028
weighted_marginal,5,scf,q90_ratio.debt,0.9974969966798063
weighted_marginal,5,scf,q99_ratio.debt,0.9328630615621756
weighted_marginal,5,scf,w1_over_sd.networth,0.014920493070433615
weighted_marginal,5,scf,q90_ratio.networth,1.1831554942205214
weighted_marginal,5,scf,q99_ratio.networth,1.2467018359246638
scf_sample_reference,6,scf,energy_distance,0.010014009276924085
scf_sample_reference,6,scf,c2st_auc,0.46302917262302623
scf_sample_reference,6,scf,prdc_precision,0.9912109375
scf_sample_reference,6,scf,prdc_recall,0.9517638677248303
scf_sample_reference,6,scf,prdc_density,1.0619140625
scf_sample_reference,6,scf,prdc_coverage,0.9849318306243982
scf_sample_reference,6,scf,w1_over_sd.debt,0.04824956346209517
scf_sample_reference,6,scf,q90_ratio.debt,1.087344234532521
scf_sample_reference,6,scf,q99_ratio.debt,1.1877843936341796
scf_sample_reference,6,scf,w1_over_sd.networth,0.014560058320828639
scf_sample_reference,6,scf,q90_ratio.networth,0.963844700336997
scf_sample_reference,6,scf,q99_ratio.networth,0.8000562002142366
populace_fit,6,scf,energy_distance,0.1485275273846418
populace_fit,6,scf,c2st_auc,0.7093415310082134
populace_fit,6,scf,prdc_precision,0.97265625
populace_fit,6,scf,prdc_recall,0.9612324322747656
populace_fit,6,scf,prdc_density,0.95400390625
populace_fit,6,scf,prdc_coverage,0.9559024736433026
populace_fit,6,scf,w1_over_sd.debt,0.10474917374800473
populace_fit,6,scf,q90_ratio.debt,1.2521092335085944
populace_fit,6,scf,q99_ratio.debt,1.0046054878268025
populace_fit,6,scf,w1_over_sd.networth,0.04801112621274336
populace_fit,6,scf,q90_ratio.networth,1.016552753083592
populace_fit,6,scf,q99_ratio.networth,0.4899759416247964
populace_fit_unweighted,6,scf,energy_distance,0.15022947924910035
populace_fit_unweighted,6,scf,c2st_auc,0.7093871981379709
populace_fit_unweighted,6,scf,prdc_precision,0.9658203125
populace_fit_unweighted,6,scf,prdc_recall,0.9488413258749199
populace_fit_unweighted,6,scf,prdc_density,0.93642578125
populace_fit_unweighted,6,scf,prdc_coverage,0.9446796883967364
populace_fit_unweighted,6,scf,w1_over_sd.debt,0.17543792812678569
populace_fit_unweighted,6,scf,q90_ratio.debt,1.3751706495558356
populace_fit_unweighted,6,scf,q99_ratio.debt,1.668629481922584
populace_fit_unweighted,6,scf,w1_over_sd.networth,0.20361617877080432
populace_fit_unweighted,6,scf,q90_ratio.networth,1.3434290298581533
populace_fit_unweighted,6,scf,q99_ratio.networth,1.5026004167852902
populace_fit_unchained,6,scf,energy_distance,0.1489862715976895
populace_fit_unchained,6,scf,c2st_auc,0.7284953729688922
populace_fit_unchained,6,scf,prdc_precision,0.9716796875
populace_fit_unchained,6,scf,prdc_recall,0.9515528046107252
populace_fit_unchained,6,scf,prdc_density,0.951953125
populace_fit_unchained,6,scf,prdc_coverage,0.9571753960209575
populace_fit_unchained,6,scf,w1_over_sd.debt,0.10474917374800473
populace_fit_unchained,6,scf,q90_ratio.debt,1.2521092335085944
populace_fit_unchained,6,scf,q99_ratio.debt,1.0046054878268025
populace_fit_unchained,6,scf,w1_over_sd.networth,0.04482941519223888
populace_fit_unchained,6,scf,q90_ratio.networth,1.0823887780343415
populace_fit_unchained,6,scf,q99_ratio.networth,0.5977991693661788
plain_qrf,6,scf,energy_distance,0.15117916556341982
plain_qrf,6,scf,c2st_auc,0.7581769113328247
plain_qrf,6,scf,prdc_precision,0.97607421875
plain_qrf,6,scf,prdc_recall,0.9500242112079441
plain_qrf,6,scf,prdc_density,0.9662109375
plain_qrf,6,scf,prdc_coverage,0.9593715161047994
plain_qrf,6,scf,w1_over_sd.debt,0.13792227064510804
plain_qrf,6,scf,q90_ratio.debt,1.3000159745219702
plain_qrf,6,scf,q99_ratio.debt,1.1090152411634517
plain_qrf,6,scf,w1_over_sd.networth,0.04056179366133867
plain_qrf,6,scf,q90_ratio.networth,1.0091689730411035
plain_qrf,6,scf,q99_ratio.networth,0.6721896024315871
microimpute_qrf,6,scf,energy_distance,0.15117916556341982
microimpute_qrf,6,scf,c2st_auc,0.7581769113328247
microimpute_qrf,6,scf,prdc_precision,0.97607421875
microimpute_qrf,6,scf,prdc_recall,0.9500242112079441
microimpute_qrf,6,scf,prdc_density,0.9662109375
microimpute_qrf,6,scf,prdc_coverage,0.9593715161047994
microimpute_qrf,6,scf,w1_over_sd.debt,0.13792227064510804
microimpute_qrf,6,scf,q90_ratio.debt,1.3000159745219702
microimpute_qrf,6,scf,q99_ratio.debt,1.1090152411634517
microimpute_qrf,6,scf,w1_over_sd.networth,0.04056179366133867
microimpute_qrf,6,scf,q90_ratio.networth,1.0091689730411035
microimpute_qrf,6,scf,q99_ratio.networth,0.6721896024315871
microimpute_ols,6,scf,energy_distance,0.15452565487217518
microimpute_ols,6,scf,c2st_auc,0.9828848015663763
microimpute_ols,6,scf,prdc_precision,0.794921875
microimpute_ols,6,scf,prdc_recall,0.8750819001256123
microimpute_ols,6,scf,prdc_density,0.62119140625
microimpute_ols,6,scf,prdc_coverage,0.7827799781280413
microimpute_ols,6,scf,w1_over_sd.debt,0.36149183715493816
microimpute_ols,6,scf,q90_ratio.debt,1.2507768586692325
microimpute_ols,6,scf,q99_ratio.debt,0.7271385153826974
microimpute_ols,6,scf,w1_over_sd.networth,0.29161006605480405
microimpute_ols,6,scf,q90_ratio.networth,2.335289917981664
microimpute_ols,6,scf,q99_ratio.networth,0.45140270918840425
microimpute_quantreg,6,scf,energy_distance,0.14882739865986183
microimpute_quantreg,6,scf,c2st_auc,0.9092129586336399
microimpute_quantreg,6,scf,prdc_precision,0.97021484375
microimpute_quantreg,6,scf,prdc_recall,0.9046280485933014
microimpute_quantreg,6,scf,prdc_density,0.96923828125
microimpute_quantreg,6,scf,prdc_coverage,0.947366475963304
microimpute_quantreg,6,scf,w1_over_sd.debt,0.038657960892266724
microimpute_quantreg,6,scf,q90_ratio.debt,1.0243093803676013
microimpute_quantreg,6,scf,q99_ratio.debt,1.0227721924058597
microimpute_quantreg,6,scf,w1_over_sd.networth,0.06772438045855717
microimpute_quantreg,6,scf,q90_ratio.networth,0.8173351003235775
microimpute_quantreg,6,scf,q99_ratio.networth,0.3338328760609295
statmatch_hotdeck,6,scf,energy_distance,0.14987566093447446
statmatch_hotdeck,6,scf,c2st_auc,0.7343344132132279
statmatch_hotdeck,6,scf,prdc_precision,0.97705078125
statmatch_hotdeck,6,scf,prdc_recall,0.9400052263798696
statmatch_hotdeck,6,scf,prdc_density,0.97509765625
statmatch_hotdeck,6,scf,prdc_coverage,0.9602490674606485
statmatch_hotdeck,6,scf,w1_over_sd.debt,0.03696933998851706
statmatch_hotdeck,6,scf,q90_ratio.debt,1.2047134504364727
statmatch_hotdeck,6,scf,q99_ratio.debt,1.089552350041328
statmatch_hotdeck,6,scf,w1_over_sd.networth,0.0441945627486494
statmatch_hotdeck,6,scf,q90_ratio.networth,0.7224059977739621
statmatch_hotdeck,6,scf,q99_ratio.networth,0.5213254288061302
weighted_marginal,6,scf,energy_distance,0.14897671058147655
weighted_marginal,6,scf,c2st_auc,0.8381309182327674
weighted_marginal,6,scf,prdc_precision,0.9384765625
weighted_marginal,6,scf,prdc_recall,0.9501201758884403
weighted_marginal,6,scf,prdc_density,0.80830078125
weighted_marginal,6,scf,prdc_coverage,0.9396446475128256
weighted_marginal,6,scf,w1_over_sd.debt,0.057314865598902434
weighted_marginal,6,scf,q90_ratio.debt,1.0841461632544842
weighted_marginal,6,scf,q99_ratio.debt,1.2806980000951222
weighted_marginal,6,scf,w1_over_sd.networth,0.014076880188169934
weighted_marginal,6,scf,q90_ratio.networth,0.921925160624183
weighted_marginal,6,scf,q99_ratio.networth,0.838522313539734
scf_sample_reference,7,scf,energy_distance,0.006216889555953564
scf_sample_reference,7,scf,c2st_auc,0.5093438146021997
scf_sample_reference,7,scf,prdc_precision,0.986328125
scf_sample_reference,7,scf,prdc_recall,0.9585146186125841
scf_sample_reference,7,scf,prdc_density,1.0408203125
scf_sample_reference,7,scf,prdc_coverage,0.9876088102499488
scf_sample_reference,7,scf,w1_over_sd.debt,0.042639766975589063
scf_sample_reference,7,scf,q90_ratio.debt,0.9074282720444722
scf_sample_reference,7,scf,q99_ratio.debt,0.9090460655557105
scf_sample_reference,7,scf,w1_over_sd.networth,0.018264427352364852
scf_sample_reference,7,scf,q90_ratio.networth,1.0752477362479065
scf_sample_reference,7,scf,q99_ratio.networth,1.2891647656919947
populace_fit,7,scf,energy_distance,0.1300510613746062
populace_fit,7,scf,c2st_auc,0.7413437421799965
populace_fit,7,scf,prdc_precision,0.9384765625
populace_fit,7,scf,prdc_recall,0.9463950389071578
populace_fit,7,scf,prdc_density,0.88408203125
populace_fit,7,scf,prdc_coverage,0.9600368291183651
populace_fit,7,scf,w1_over_sd.debt,0.066009189312903
populace_fit,7,scf,q90_ratio.debt,1.0902140965260254
populace_fit,7,scf,q99_ratio.debt,1.0260021278991882
populace_fit,7,scf,w1_over_sd.networth,0.03527605352759914
populace_fit,7,scf,q90_ratio.networth,1.0887965665669275
populace_fit,7,scf,q99_ratio.networth,0.7209499535595695
populace_fit_unweighted,7,scf,energy_distance,0.13111316879662516
populace_fit_unweighted,7,scf,c2st_auc,0.751160413942098
populace_fit_unweighted,7,scf,prdc_precision,0.93408203125
populace_fit_unweighted,7,scf,prdc_recall,0.9516822693186195
populace_fit_unweighted,7,scf,prdc_density,0.8744140625
populace_fit_unweighted,7,scf,prdc_coverage,0.9559930719745506
populace_fit_unweighted,7,scf,w1_over_sd.debt,0.10604914989321514
populace_fit_unweighted,7,scf,q90_ratio.debt,1.1894322636907417
populace_fit_unweighted,7,scf,q99_ratio.debt,1.353907493732183
populace_fit_unweighted,7,scf,w1_over_sd.networth,0.21724331419186643
populace_fit_unweighted,7,scf,q90_ratio.networth,1.4417340726412589
populace_fit_unweighted,7,scf,q99_ratio.networth,2.398925500190002
populace_fit_unchained,7,scf,energy_distance,0.13063396163716856
populace_fit_unchained,7,scf,c2st_auc,0.7509682908132072
populace_fit_unchained,7,scf,prdc_precision,0.9375
populace_fit_unchained,7,scf,prdc_recall,0.9428745160911499
populace_fit_unchained,7,scf,prdc_density,0.8810546875
populace_fit_unchained,7,scf,prdc_coverage,0.9593651219482007
populace_fit_unchained,7,scf,w1_over_sd.debt,0.066009189312903
populace_fit_unchained,7,scf,q90_ratio.debt,1.0902140965260254
populace_fit_unchained,7,scf,q99_ratio.debt,1.0260021278991882
populace_fit_unchained,7,scf,w1_over_sd.networth,0.025084317207198423
populace_fit_unchained,7,scf,q90_ratio.networth,1.130717230601851
populace_fit_unchained,7,scf,q99_ratio.networth,0.9783059248144074
plain_qrf,7,scf,energy_distance,0.13084635650487986
plain_qrf,7,scf,c2st_auc,0.7888403533588659
plain_qrf,7,scf,prdc_precision,0.953125
plain_qrf,7,scf,prdc_recall,0.9397084030027949
plain_qrf,7,scf,prdc_density,0.8861328125
plain_qrf,7,scf,prdc_coverage,0.9586943372985992
plain_qrf,7,scf,w1_over_sd.debt,0.06756835832083749
plain_qrf,7,scf,q90_ratio.debt,1.111852618867433
plain_qrf,7,scf,q99_ratio.debt,0.8884623831862158
plain_qrf,7,scf,w1_over_sd.networth,0.03342374946656545
plain_qrf,7,scf,q90_ratio.networth,1.1715542312127425
plain_qrf,7,scf,q99_ratio.networth,0.8790735953571926
microimpute_qrf,7,scf,energy_distance,0.13084635650487986
microimpute_qrf,7,scf,c2st_auc,0.7888403533588659
microimpute_qrf,7,scf,prdc_precision,0.953125
microimpute_qrf,7,scf,prdc_recall,0.9397084030027949
microimpute_qrf,7,scf,prdc_density,0.8861328125
microimpute_qrf,7,scf,prdc_coverage,0.9586943372985992
microimpute_qrf,7,scf,w1_over_sd.debt,0.06756835832083749
microimpute_qrf,7,scf,q90_ratio.debt,1.111852618867433
microimpute_qrf,7,scf,q99_ratio.debt,0.8884623831862158
microimpute_qrf,7,scf,w1_over_sd.networth,0.03342374946656545
microimpute_qrf,7,scf,q90_ratio.networth,1.1715542312127425
microimpute_qrf,7,scf,q99_ratio.networth,0.8790735953571926
microimpute_ols,7,scf,energy_distance,0.23165619863788134
microimpute_ols,7,scf,c2st_auc,0.995041190190131
microimpute_ols,7,scf,prdc_precision,0.48388671875
microimpute_ols,7,scf,prdc_recall,0.8613946078711512
microimpute_ols,7,scf,prdc_density,0.26787109375
microimpute_ols,7,scf,prdc_coverage,0.520987665882841
microimpute_ols,7,scf,w1_over_sd.debt,0.528588864170402
microimpute_ols,7,scf,q90_ratio.debt,1.3947286438474884
microimpute_ols,7,scf,q99_ratio.debt,0.733611613405492
microimpute_ols,7,scf,w1_over_sd.networth,1.140358456874797
microimpute_ols,7,scf,q90_ratio.networth,8.098915862995248
microimpute_ols,7,scf,q99_ratio.networth,2.2099095834435736
microimpute_quantreg,7,scf,energy_distance,0.15100234310353944
microimpute_quantreg,7,scf,c2st_auc,0.9669021372812214
microimpute_quantreg,7,scf,prdc_precision,0.9296875
microimpute_quantreg,7,scf,prdc_recall,0.8931862659249274
microimpute_quantreg,7,scf,prdc_density,0.86123046875
microimpute_quantreg,7,scf,prdc_coverage,0.8639437639993096
microimpute_quantreg,7,scf,w1_over_sd.debt,0.2739105682489489
microimpute_quantreg,7,scf,q90_ratio.debt,0.4006305739346208
microimpute_quantreg,7,scf,q99_ratio.debt,0.6116732899888191
microimpute_quantreg,7,scf,w1_over_sd.networth,0.06481849882800489
microimpute_quantreg,7,scf,q90_ratio.networth,1.1067574938250224
microimpute_quantreg,7,scf,q99_ratio.networth,0.6853822608525343
statmatch_hotdeck,7,scf,energy_distance,0.13525180202561327
statmatch_hotdeck,7,scf,c2st_auc,0.7656966296447102
statmatch_hotdeck,7,scf,prdc_precision,0.96044921875
statmatch_hotdeck,7,scf,prdc_recall,0.9478347564168967
statmatch_hotdeck,7,scf,prdc_density,0.8833984375
statmatch_hotdeck,7,scf,prdc_coverage,0.9740067144011908
statmatch_hotdeck,7,scf,w1_over_sd.debt,0.03113373807973279
statmatch_hotdeck,7,scf,q90_ratio.debt,0.9997607314204568
statmatch_hotdeck,7,scf,q99_ratio.debt,0.8762612768003877
statmatch_hotdeck,7,scf,w1_over_sd.networth,0.06337864906192701
statmatch_hotdeck,7,scf,q90_ratio.networth,1.1291772878413844
statmatch_hotdeck,7,scf,q99_ratio.networth,0.967354567826206
weighted_marginal,7,scf,energy_distance,0.1326686509475974
weighted_marginal,7,scf,c2st_auc,0.8520195244538641
weighted_marginal,7,scf,prdc_precision,0.916015625
weighted_marginal,7,scf,prdc_recall,0.947596158047654
weighted_marginal,7,scf,prdc_density,0.78125
weighted_marginal,7,scf,prdc_coverage,0.9341720762226365
weighted_marginal,7,scf,w1_over_sd.debt,0.04646516496098957
weighted_marginal,7,scf,q90_ratio.debt,0.8970098345940619
weighted_marginal,7,scf,q99_ratio.debt,0.9178559576611656
weighted_marginal,7,scf,w1_over_sd.networth,0.017439459760596143
weighted_marginal,7,scf,q90_ratio.networth,1.0573304028280603
weighted_marginal,7,scf,q99_ratio.networth,1.292048991991899
scf_sample_reference,8,scf,energy_distance,0.005231104778023354
scf_sample_reference,8,scf,c2st_auc,0.48754697617736786
scf_sample_reference,8,scf,prdc_precision,0.984375
scf_sample_reference,8,scf,prdc_recall,0.9563989974683607
scf_sample_reference,8,scf,prdc_density,1.036328125
scf_sample_reference,8,scf,prdc_coverage,0.9940987173057791
scf_sample_reference,8,scf,w1_over_sd.debt,0.030392959033782932
scf_sample_reference,8,scf,q90_ratio.debt,1.1136914470614088
scf_sample_reference,8,scf,q99_ratio.debt,1.0665736463485427
scf_sample_reference,8,scf,w1_over_sd.networth,0.008462932071350859
scf_sample_reference,8,scf,q90_ratio.networth,1.1173339213845912
scf_sample_reference,8,scf,q99_ratio.networth,0.9745010542105429
populace_fit,8,scf,energy_distance,0.13562880963117996
populace_fit,8,scf,c2st_auc,0.7284065533729251
populace_fit,8,scf,prdc_precision,0.95703125
populace_fit,8,scf,prdc_recall,0.9512102849961503
populace_fit,8,scf,prdc_density,0.88994140625
populace_fit,8,scf,prdc_coverage,0.969402852983615
populace_fit,8,scf,w1_over_sd.debt,0.07176347985189846
populace_fit,8,scf,q90_ratio.debt,1.2399529773968592
populace_fit,8,scf,q99_ratio.debt,1.1794283861711379
populace_fit,8,scf,w1_over_sd.networth,0.031141030439925818
populace_fit,8,scf,q90_ratio.networth,1.2247298093797532
populace_fit,8,scf,q99_ratio.networth,0.7009536074540355
populace_fit_unweighted,8,scf,energy_distance,0.13760318615776335
populace_fit_unweighted,8,scf,c2st_auc,0.7282708239035915
populace_fit_unweighted,8,scf,prdc_precision,0.95166015625
populace_fit_unweighted,8,scf,prdc_recall,0.9441485672997011
populace_fit_unweighted,8,scf,prdc_density,0.87763671875
populace_fit_unweighted,8,scf,prdc_coverage,0.9621521426990491
populace_fit_unweighted,8,scf,w1_over_sd.debt,0.11365800621785602
populace_fit_unweighted,8,scf,q90_ratio.debt,1.3959905206767242
populace_fit_unweighted,8,scf,q99_ratio.debt,1.506776979435425
populace_fit_unweighted,8,scf,w1_over_sd.networth,0.14377162947281277
populace_fit_unweighted,8,scf,q90_ratio.networth,1.5566317354752928
populace_fit_unweighted,8,scf,q99_ratio.networth,1.672936598004484
populace_fit_unchained,8,scf,energy_distance,0.13568727028014882
populace_fit_unchained,8,scf,c2st_auc,0.7334520834769412
populace_fit_unchained,8,scf,prdc_precision,0.95947265625
populace_fit_unchained,8,scf,prdc_recall,0.9501671561352624
populace_fit_unchained,8,scf,prdc_density,0.89501953125
populace_fit_unchained,8,scf,prdc_coverage,0.9680910953529226
populace_fit_unchained,8,scf,w1_over_sd.debt,0.07176347985189846
populace_fit_unchained,8,scf,q90_ratio.debt,1.2399529773968592
populace_fit_unchained,8,scf,q99_ratio.debt,1.1794283861711379
populace_fit_unchained,8,scf,w1_over_sd.networth,0.038122508798161654
populace_fit_unchained,8,scf,q90_ratio.networth,1.2919577093999954
populace_fit_unchained,8,scf,q99_ratio.networth,0.5602435556745433
plain_qrf,8,scf,energy_distance,0.1374015865397884
plain_qrf,8,scf,c2st_auc,0.7683811167179128
plain_qrf,8,scf,prdc_precision,0.96240234375
plain_qrf,8,scf,prdc_recall,0.9410068568694684
plain_qrf,8,scf,prdc_density,0.89208984375
plain_qrf,8,scf,prdc_coverage,0.949233099778684
plain_qrf,8,scf,w1_over_sd.debt,0.08225496550198232
plain_qrf,8,scf,q90_ratio.debt,1.31603364311181
plain_qrf,8,scf,q99_ratio.debt,1.1505355492458813
plain_qrf,8,scf,w1_over_sd.networth,0.025866770558751695
plain_qrf,8,scf,q90_ratio.networth,1.2686717378765007
plain_qrf,8,scf,q99_ratio.networth,0.8282250987496074
microimpute_qrf,8,scf,energy_distance,0.1374015865397884
microimpute_qrf,8,scf,c2st_auc,0.7683811167179128
microimpute_qrf,8,scf,prdc_precision,0.96240234375
microimpute_qrf,8,scf,prdc_recall,0.9410068568694684
microimpute_qrf,8,scf,prdc_density,0.89208984375
microimpute_qrf,8,scf,prdc_coverage,0.949233099778684
microimpute_qrf,8,scf,w1_over_sd.debt,0.08225496550198232
microimpute_qrf,8,scf,q90_ratio.debt,1.31603364311181
microimpute_qrf,8,scf,q99_ratio.debt,1.1505355492458813
microimpute_qrf,8,scf,w1_over_sd.networth,0.025866770558751695
microimpute_qrf,8,scf,q90_ratio.networth,1.2686717378765007
microimpute_qrf,8,scf,q99_ratio.networth,0.8282250987496074
microimpute_ols,8,scf,energy_distance,0.14487584677092347
microimpute_ols,8,scf,c2st_auc,0.9799490185249672
microimpute_ols,8,scf,prdc_precision,0.755859375
microimpute_ols,8,scf,prdc_recall,0.9292695050679625
microimpute_ols,8,scf,prdc_density,0.54072265625
microimpute_ols,8,scf,prdc_coverage,0.7973616805114978
microimpute_ols,8,scf,w1_over_sd.debt,0.37112874744168245
microimpute_ols,8,scf,q90_ratio.debt,1.4911916400373348
microimpute_ols,8,scf,q99_ratio.debt,0.7485873626594839
microimpute_ols,8,scf,w1_over_sd.networth,0.2697883950200312
microimpute_ols,8,scf,q90_ratio.networth,3.0355402445976454
microimpute_ols,8,scf,q99_ratio.networth,0.6147209075402279
microimpute_quantreg,8,scf,energy_distance,0.13594693250981793
microimpute_quantreg,8,scf,c2st_auc,0.9212670179567128
microimpute_quantreg,8,scf,prdc_precision,0.96728515625
microimpute_quantreg,8,scf,prdc_recall,0.9141779256561084
microimpute_quantreg,8,scf,prdc_density,0.90087890625
microimpute_quantreg,8,scf,prdc_coverage,0.955778974458366
microimpute_quantreg,8,scf,w1_over_sd.debt,0.026730297905158122
microimpute_quantreg,8,scf,q90_ratio.debt,0.9700641949029924
microimpute_quantreg,8,scf,q99_ratio.debt,0.8989654922780659
microimpute_quantreg,8,scf,w1_over_sd.networth,0.05179888612933143
microimpute_quantreg,8,scf,q90_ratio.networth,1.0977210210552246
microimpute_quantreg,8,scf,q99_ratio.networth,0.41631738799728757
statmatch_hotdeck,8,scf,energy_distance,0.1390619530604682
statmatch_hotdeck,8,scf,c2st_auc,0.7534377901256581
statmatch_hotdeck,8,scf,prdc_precision,0.9697265625
statmatch_hotdeck,8,scf,prdc_recall,0.9390846626754544
statmatch_hotdeck,8,scf,prdc_density,0.89541015625
statmatch_hotdeck,8,scf,prdc_coverage,0.9659034906260799
statmatch_hotdeck,8,scf,w1_over_sd.debt,0.03560100801711329
statmatch_hotdeck,8,scf,q90_ratio.debt,1.1781172022838564
statmatch_hotdeck,8,scf,q99_ratio.debt,0.9827706896798752
statmatch_hotdeck,8,scf,w1_over_sd.networth,0.06306627238262613
statmatch_hotdeck,8,scf,q90_ratio.networth,1.1700905183303345
statmatch_hotdeck,8,scf,q99_ratio.networth,0.7128179189818987
weighted_marginal,8,scf,energy_distance,0.13665303053790145
weighted_marginal,8,scf,c2st_auc,0.844690021533021
weighted_marginal,8,scf,prdc_precision,0.93408203125
weighted_marginal,8,scf,prdc_recall,0.9579713500423973
weighted_marginal,8,scf,prdc_density,0.78447265625
weighted_marginal,8,scf,prdc_coverage,0.9326503459127886
weighted_marginal,8,scf,w1_over_sd.debt,0.030557412818359702
weighted_marginal,8,scf,q90_ratio.debt,1.1098064768972409
weighted_marginal,8,scf,q99_ratio.debt,1.0666531194628783
weighted_marginal,8,scf,w1_over_sd.networth,0.008133331445926711
weighted_marginal,8,scf,q90_ratio.networth,1.055847414383848
weighted_marginal,8,scf,q99_ratio.networth,0.8942543362032954
scf_sample_reference,9,scf,energy_distance,0.02494914478799437
scf_sample_reference,9,scf,c2st_auc,0.5410979657739114
scf_sample_reference,9,scf,prdc_precision,0.98291015625
scf_sample_reference,9,scf,prdc_recall,0.9598765152618762
scf_sample_reference,9,scf,prdc_density,1.01171875
scf_sample_reference,9,scf,prdc_coverage,0.9631288090548173
scf_sample_reference,9,scf,w1_over_sd.debt,0.027377072644566618
scf_sample_reference,9,scf,q90_ratio.debt,0.9748280610116289
scf_sample_reference,9,scf,q99_ratio.debt,1.0171104127119115
scf_sample_reference,9,scf,w1_over_sd.networth,0.011454120719419333
scf_sample_reference,9,scf,q90_ratio.networth,0.9708177912388226
scf_sample_reference,9,scf,q99_ratio.networth,1.0389083135471375
populace_fit,9,scf,energy_distance,0.186444893475338
populace_fit,9,scf,c2st_auc,0.7520809733132134
populace_fit,9,scf,prdc_precision,0.95751953125
populace_fit,9,scf,prdc_recall,0.973784050031318
populace_fit,9,scf,prdc_density,0.86630859375
populace_fit,9,scf,prdc_coverage,0.9302372643721911
populace_fit,9,scf,w1_over_sd.debt,0.05299513993312716
populace_fit,9,scf,q90_ratio.debt,1.1344216496398623
populace_fit,9,scf,q99_ratio.debt,0.9749418285864464
populace_fit,9,scf,w1_over_sd.networth,0.029845908111812085
populace_fit,9,scf,q90_ratio.networth,0.9401395130265645
populace_fit,9,scf,q99_ratio.networth,0.665577080592985
populace_fit_unweighted,9,scf,energy_distance,0.1880327337504344
populace_fit_unweighted,9,scf,c2st_auc,0.7438309144608246
populace_fit_unweighted,9,scf,prdc_precision,0.9541015625
populace_fit_unweighted,9,scf,prdc_recall,0.9744946625741608
populace_fit_unweighted,9,scf,prdc_density,0.86533203125
populace_fit_unweighted,9,scf,prdc_coverage,0.9300471799448706
populace_fit_unweighted,9,scf,w1_over_sd.debt,0.10182445526758196
populace_fit_unweighted,9,scf,q90_ratio.debt,1.2374353771563955
populace_fit_unweighted,9,scf,q99_ratio.debt,1.390389934177183
populace_fit_unweighted,9,scf,w1_over_sd.networth,0.18597435694242195
populace_fit_unweighted,9,scf,q90_ratio.networth,1.3332314314961304
populace_fit_unweighted,9,scf,q99_ratio.networth,1.8964592275331704
populace_fit_unchained,9,scf,energy_distance,0.18643770351767275
populace_fit_unchained,9,scf,c2st_auc,0.7531636803351903
populace_fit_unchained,9,scf,prdc_precision,0.95751953125
populace_fit_unchained,9,scf,prdc_recall,0.9746630611943344
populace_fit_unchained,9,scf,prdc_density,0.8693359375
populace_fit_unchained,9,scf,prdc_coverage,0.9198963119670134
populace_fit_unchained,9,scf,w1_over_sd.debt,0.05299513993312716
populace_fit_unchained,9,scf,q90_ratio.debt,1.1344216496398623
populace_fit_unchained,9,scf,q99_ratio.debt,0.9749418285864464
populace_fit_unchained,9,scf,w1_over_sd.networth,0.036866675028287395
populace_fit_unchained,9,scf,q90_ratio.networth,1.0691203434558292
populace_fit_unchained,9,scf,q99_ratio.networth,0.5905234415702814
plain_qrf,9,scf,energy_distance,0.18752703430188333
plain_qrf,9,scf,c2st_auc,0.7798551881610639
plain_qrf,9,scf,prdc_precision,0.96337890625
plain_qrf,9,scf,prdc_recall,0.9562078516634186
plain_qrf,9,scf,prdc_density,0.8923828125
plain_qrf,9,scf,prdc_coverage,0.9381408883073645
plain_qrf,9,scf,w1_over_sd.debt,0.055520338967356295
plain_qrf,9,scf,q90_ratio.debt,1.1140078924483996
plain_qrf,9,scf,q99_ratio.debt,0.965237781663604
plain_qrf,9,scf,w1_over_sd.networth,0.033415782595090676
plain_qrf,9,scf,q90_ratio.networth,1.0370218002105995
plain_qrf,9,scf,q99_ratio.networth,0.6132955809058536
microimpute_qrf,9,scf,energy_distance,0.18752703430188333
microimpute_qrf,9,scf,c2st_auc,0.7798551881610639
microimpute_qrf,9,scf,prdc_precision,0.96337890625
microimpute_qrf,9,scf,prdc_recall,0.9562078516634186
microimpute_qrf,9,scf,prdc_density,0.8923828125
microimpute_qrf,9,scf,prdc_coverage,0.9381408883073645
microimpute_qrf,9,scf,w1_over_sd.debt,0.055520338967356295
microimpute_qrf,9,scf,q90_ratio.debt,1.1140078924483996
microimpute_qrf,9,scf,q99_ratio.debt,0.965237781663604
microimpute_qrf,9,scf,w1_over_sd.networth,0.033415782595090676
microimpute_qrf,9,scf,q90_ratio.networth,1.0370218002105995
microimpute_qrf,9,scf,q99_ratio.networth,0.6132955809058536
microimpute_ols,9,scf,energy_distance,0.22137710454951742
microimpute_ols,9,scf,c2st_auc,0.9906635123232904
microimpute_ols,9,scf,prdc_precision,0.67724609375
microimpute_ols,9,scf,prdc_recall,0.8712880811955249
microimpute_ols,9,scf,prdc_density,0.443359375
microimpute_ols,9,scf,prdc_coverage,0.7081390050014555
microimpute_ols,9,scf,w1_over_sd.debt,0.5989545053125889
microimpute_ols,9,scf,q90_ratio.debt,1.7175455360276906
microimpute_ols,9,scf,q99_ratio.debt,0.9512895552423865
microimpute_ols,9,scf,w1_over_sd.networth,0.4490765889444329
microimpute_ols,9,scf,q90_ratio.networth,4.385003453656443
microimpute_ols,9,scf,q99_ratio.networth,1.0458060948518586
microimpute_quantreg,9,scf,energy_distance,0.18689514761972825
microimpute_quantreg,9,scf,c2st_auc,0.9274086401674813
microimpute_quantreg,9,scf,prdc_precision,0.95947265625
microimpute_quantreg,9,scf,prdc_recall,0.9346520415403475
microimpute_quantreg,9,scf,prdc_density,0.90146484375
microimpute_quantreg,9,scf,prdc_coverage,0.9300896784435214
microimpute_quantreg,9,scf,w1_over_sd.debt,0.06366438395073848
microimpute_quantreg,9,scf,q90_ratio.debt,0.8757784701044775
microimpute_quantreg,9,scf,q99_ratio.debt,0.824487915501893
microimpute_quantreg,9,scf,w1_over_sd.networth,0.04460673290318078
microimpute_quantreg,9,scf,q90_ratio.networth,0.8446973586503591
microimpute_quantreg,9,scf,q99_ratio.networth,0.48953827596934485
statmatch_hotdeck,9,scf,energy_distance,0.19153214516966477
statmatch_hotdeck,9,scf,c2st_auc,0.771808376536176
statmatch_hotdeck,9,scf,prdc_precision,0.96240234375
statmatch_hotdeck,9,scf,prdc_recall,0.9524292262356076
statmatch_hotdeck,9,scf,prdc_density,0.89892578125
statmatch_hotdeck,9,scf,prdc_coverage,0.9378579303570878
statmatch_hotdeck,9,scf,w1_over_sd.debt,0.035277456375250704
statmatch_hotdeck,9,scf,q90_ratio.debt,1.0498503698466592
statmatch_hotdeck,9,scf,q99_ratio.debt,0.9051524185656579
statmatch_hotdeck,9,scf,w1_over_sd.networth,0.05985334279835592
statmatch_hotdeck,9,scf,q90_ratio.networth,1.0370218002105995
statmatch_hotdeck,9,scf,q99_ratio.networth,0.653856745115666
weighted_marginal,9,scf,energy_distance,0.1848714961407576
weighted_marginal,9,scf,c2st_auc,0.8464350528040361
weighted_marginal,9,scf,prdc_precision,0.939453125
weighted_marginal,9,scf,prdc_recall,0.9720000865065376
weighted_marginal,9,scf,prdc_density,0.7822265625
weighted_marginal,9,scf,prdc_coverage,0.9329923601506303
weighted_marginal,9,scf,w1_over_sd.debt,0.030870604176799574
weighted_marginal,9,scf,q90_ratio.debt,0.9553638365604599
weighted_marginal,9,scf,q99_ratio.debt,0.9809012820193674
weighted_marginal,9,scf,w1_over_sd.networth,0.01042376224965905
weighted_marginal,9,scf,q90_ratio.networth,1.0161436734688913
weighted_marginal,9,scf,q99_ratio.networth,0.9818117352806081
